{
  "accuracy": 0.2,
  "precision": 0.08779198232323233,
  "recall": 0.06539207503023292,
  "f1": 0.06523564989063373,
  "class_metrics": {
    "admiration": {
      "precision": 0.6666666666666666,
      "recall": 0.2222222222222222,
      "f1": 0.3333333333333333
    },
    "amusement": {
      "precision": 0.3125,
      "recall": 0.4166666666666667,
      "f1": 0.35714285714285715
    },
    "anger": {
      "precision": 0.36363636363636365,
      "recall": 0.5714285714285714,
      "f1": 0.4444444444444444
    },
    "annoyance": {
      "precision": 0.1,
      "recall": 0.07692307692307693,
      "f1": 0.08695652173913043
    },
    "approval": {
      "precision": 0.2222222222222222,
      "recall": 0.25,
      "f1": 0.23529411764705882
    },
    "caring": {
      "precision": 0.2,
      "recall": 0.2,
      "f1": 0.2
    },
    "confusion": {
      "precision": 0.125,
      "recall": 0.6666666666666666,
      "f1": 0.21052631578947367
    },
    "curiosity": {
      "precision": 0.0,
      "recall": 0.0,
      "f1": 0.0
    },
    "desire": {
      "precision": 0.0,
      "recall": 0.0,
      "f1": 0.0
    },
    "disappointment": {
      "precision": 0.0,
      "recall": 0.0,
      "f1": 0.0
    },
    "disapproval": {
      "precision": 0.25,
      "recall": 0.09090909090909091,
      "f1": 0.13333333333333333
    },
    "disgust": {
      "precision": 0.0,
      "recall": 0.0,
      "f1": 0.0
    },
    "embarrassment": {
      "precision": 0.0,
      "recall": 0.0,
      "f1": 0.0
    },
    "excitement": {
      "precision": 0.5,
      "recall": 0.6666666666666666,
      "f1": 0.5714285714285714
    },
    "fear": {
      "precision": 0.5,
      "recall": 0.4,
      "f1": 0.4444444444444444
    },
    "gratitude": {
      "precision": 1.0,
      "recall": 0.4,
      "f1": 0.5714285714285714
    },
    "grief": {
      "precision": 0.0,
      "recall": 0.0,
      "f1": 0.0
    },
    "joy": {
      "precision": 0.4,
      "recall": 0.4,
      "f1": 0.4
    },
    "love": {
      "precision": 0.8,
      "recall": 0.4444444444444444,
      "f1": 0.5714285714285714
    },
    "nervousness": {
      "precision": 0.0,
      "recall": 0.0,
      "f1": 0.0
    },
    "optimism": {
      "precision": 0.0,
      "recall": 0.0,
      "f1": 0.0
    },
    "pride": {
      "precision": 0.0,
      "recall": 0.0,
      "f1": 0.0
    },
    "realization": {
      "precision": 1.0,
      "recall": 0.3333333333333333,
      "f1": 0.5
    },
    "relief": {
      "precision": 0.0,
      "recall": 0.0,
      "f1": 0.0
    },
    "remorse": {
      "precision": 0.0,
      "recall": 0.0,
      "f1": 0.0
    },
    "sadness": {
      "precision": 0.0,
      "recall": 0.0,
      "f1": 0.0
    },
    "neutral": {
      "precision": 0.5833333333333334,
      "recall": 0.09210526315789473,
      "f1": 0.1590909090909091
    },
    "Unknown-29": {
      "precision": 0.0,
      "recall": 0.0,
      "f1": 0.0
    },
    "Unknown-30": {
      "precision": 0.0,
      "recall": 0.0,
      "f1": 0.0
    },
    "Unknown-31": {
      "precision": 0.0,
      "recall": 0.0,
      "f1": 0.0
    },
    "Unknown-36": {
      "precision": 0.0,
      "recall": 0.0,
      "f1": 0.0
    },
    "Unknown-41": {
      "precision": 0.0,
      "recall": 0.0,
      "f1": 0.0
    },
    "Unknown-44": {
      "precision": 0.0,
      "recall": 0.0,
      "f1": 0.0
    },
    "Unknown-45": {
      "precision": 0.0,
      "recall": 0.0,
      "f1": 0.0
    },
    "Unknown-51": {
      "precision": 0.0,
      "recall": 0.0,
      "f1": 0.0
    },
    "Unknown-52": {
      "precision": 0.0,
      "recall": 0.0,
      "f1": 0.0
    },
    "Unknown-55": {
      "precision": 0.0,
      "recall": 0.0,
      "f1": 0.0
    },
    "Unknown-56": {
      "precision": 0.0,
      "recall": 0.0,
      "f1": 0.0
    },
    "Unknown-57": {
      "precision": 0.0,
      "recall": 0.0,
      "f1": 0.0
    },
    "Unknown-58": {
      "precision": 0.0,
      "recall": 0.0,
      "f1": 0.0
    },
    "Unknown-59": {
      "precision": 0.0,
      "recall": 0.0,
      "f1": 0.0
    },
    "Unknown-60": {
      "precision": 0.0,
      "recall": 0.0,
      "f1": 0.0
    },
    "Unknown-61": {
      "precision": 0.0,
      "recall": 0.0,
      "f1": 0.0
    },
    "Unknown-62": {
      "precision": 0.0,
      "recall": 0.0,
      "f1": 0.0
    },
    "Unknown-63": {
      "precision": 0.0,
      "recall": 0.0,
      "f1": 0.0
    },
    "Unknown-64": {
      "precision": 0.0,
      "recall": 0.0,
      "f1": 0.0
    },
    "Unknown-65": {
      "precision": 0.0,
      "recall": 0.0,
      "f1": 0.0
    },
    "Unknown-66": {
      "precision": 0.0,
      "recall": 0.0,
      "f1": 0.0
    },
    "Unknown-67": {
      "precision": 0.0,
      "recall": 0.0,
      "f1": 0.0
    },
    "Unknown-68": {
      "precision": 0.0,
      "recall": 0.0,
      "f1": 0.0
    },
    "Unknown-69": {
      "precision": 0.0,
      "recall": 0.0,
      "f1": 0.0
    },
    "Unknown-70": {
      "precision": 0.0,
      "recall": 0.0,
      "f1": 0.0
    },
    "Unknown-71": {
      "precision": 0.0,
      "recall": 0.0,
      "f1": 0.0
    },
    "Unknown-72": {
      "precision": 0.0,
      "recall": 0.0,
      "f1": 0.0
    },
    "Unknown-73": {
      "precision": 0.0,
      "recall": 0.0,
      "f1": 0.0
    },
    "Unknown-74": {
      "precision": 0.0,
      "recall": 0.0,
      "f1": 0.0
    },
    "Unknown-75": {
      "precision": 0.0,
      "recall": 0.0,
      "f1": 0.0
    },
    "Unknown-77": {
      "precision": 0.0,
      "recall": 0.0,
      "f1": 0.0
    },
    "Unknown-79": {
      "precision": 0.0,
      "recall": 0.0,
      "f1": 0.0
    },
    "Unknown-80": {
      "precision": 0.0,
      "recall": 0.0,
      "f1": 0.0
    },
    "Unknown-81": {
      "precision": 0.0,
      "recall": 0.0,
      "f1": 0.0
    },
    "Unknown-82": {
      "precision": 0.0,
      "recall": 0.0,
      "f1": 0.0
    },
    "Unknown-83": {
      "precision": 0.0,
      "recall": 0.0,
      "f1": 0.0
    },
    "Unknown-84": {
      "precision": 0.0,
      "recall": 0.0,
      "f1": 0.0
    },
    "Unknown-85": {
      "precision": 0.0,
      "recall": 0.0,
      "f1": 0.0
    },
    "Unknown-86": {
      "precision": 0.0,
      "recall": 0.0,
      "f1": 0.0
    },
    "Unknown-87": {
      "precision": 0.0,
      "recall": 0.0,
      "f1": 0.0
    },
    "Unknown-88": {
      "precision": 0.0,
      "recall": 0.0,
      "f1": 0.0
    },
    "Unknown-89": {
      "precision": 0.0,
      "recall": 0.0,
      "f1": 0.0
    },
    "Unknown-90": {
      "precision": 0.0,
      "recall": 0.0,
      "f1": 0.0
    },
    "Unknown-91": {
      "precision": 0.0,
      "recall": 0.0,
      "f1": 0.0
    },
    "Unknown-92": {
      "precision": 0.0,
      "recall": 0.0,
      "f1": 0.0
    },
    "Unknown-93": {
      "precision": 0.0,
      "recall": 0.0,
      "f1": 0.0
    },
    "Unknown-94": {
      "precision": 0.0,
      "recall": 0.0,
      "f1": 0.0
    },
    "Unknown-95": {
      "precision": 0.0,
      "recall": 0.0,
      "f1": 0.0
    },
    "Unknown-96": {
      "precision": 0.0,
      "recall": 0.0,
      "f1": 0.0
    },
    "Unknown-97": {
      "precision": 0.0,
      "recall": 0.0,
      "f1": 0.0
    },
    "Unknown-98": {
      "precision": 0.0,
      "recall": 0.0,
      "f1": 0.0
    },
    "Unknown-99": {
      "precision": 0.0,
      "recall": 0.0,
      "f1": 0.0
    },
    "Unknown-100": {
      "precision": 0.0,
      "recall": 0.0,
      "f1": 0.0
    }
  },
  "iou_scores": {
    "admiration": 0.2,
    "amusement": 0.21739130434782608,
    "anger": 0.2857142857142857,
    "annoyance": 0.045454545454545456,
    "approval": 0.13333333333333333,
    "caring": 0.1111111111111111,
    "confusion": 0.11764705882352941,
    "curiosity": 0.0,
    "desire": 0.0,
    "disappointment": 0.0,
    "disapproval": 0.07142857142857142,
    "disgust": 0.0,
    "embarrassment": 0.0,
    "excitement": 0.4,