{
  "accuracy": 0.32,
  "precision": 0.26979487179487177,
  "recall": 0.3426943164362519,
  "f1": 0.2711313131313131,
  "class_metrics": {
    "admiration": {
      "precision": 0.6666666666666666,
      "recall": 0.13333333333333333,
      "f1": 0.2222222222222222
    },
    "amusement": {
      "precision": 0.75,
      "recall": 0.8571428571428571,
      "f1": 0.8
    },
    "anger": {
      "precision": 0.25,
      "recall": 1.0,
      "f1": 0.4
    },
    "annoyance": {
      "precision": 0.25,
      "recall": 0.3333333333333333,
      "f1": 0.2857142857142857
    },
    "approval": {
      "precision": 0.0,
      "recall": 0.0,
      "f1": 0.0
    },
    "caring": {
      "precision": 0.0,
      "recall": 0.0,
      "f1": 0.0
    },
    "confusion": {
      "precision": 0.3333333333333333,
      "recall": 0.3333333333333333,
      "f1": 0.3333333333333333
    },
    "curiosity": {
      "precision": 0.0,
      "recall": 0.0,
      "f1": 0.0
    },
    "desire": {
      "precision": 0.0,
      "recall": 0.0,
      "f1": 0.0
    },
    "disappointment": {
      "precision": 0.2,
      "recall": 0.3333333333333333,
      "f1": 0.25
    },
    "disapproval": {
      "precision": 0.3333333333333333,
      "recall": 0.6,
      "f1": 0.42857142857142855
    },
    "disgust": {
      "precision": 0.3333333333333333,
      "recall": 0.5,
      "f1": 0.4
    },
    "embarrassment": {
      "precision": 0.0,
      "recall": 0.0,
      "f1": 0.0
    },
    "excitement": {
      "precision": 0.0,
      "recall": 0.0,
      "f1": 0.0
    },
    "gratitude": {
      "precision": 0.5,
      "recall": 0.75,
      "f1": 0.6
    },
    "joy": {
      "precision": 0.3333333333333333,
      "recall": 1.0,
      "f1": 0.5
    },
    "love": {
      "precision": 0.5,
      "recall": 1.0,
      "f1": 0.6666666666666666
    },
    "nervousness": {
      "precision": 0.0,
      "recall": 0.0,
      "f1": 0.0
    },
    "optimism": {
      "precision": 0.3333333333333333,
      "recall": 0.3333333333333333,
      "f1": 0.3333333333333333
    },
    "pride": {
      "precision": 0.0,
      "recall": 0.0,
      "f1": 0.0
    },
    "realization": {
      "precision": 0.0,
      "recall": 0.0,
      "f1": 0.0
    },
    "remorse": {
      "precision": 1.0,
      "recall": 1.0,
      "f1": 1.0
    },
    "sadness": {
      "precision": 0.0,
      "recall": 0.0,
      "f1": 0.0
    },
    "surprise": {
      "precision": 0.5,
      "recall": 0.2,
      "f1": 0.2857142857142857
    },
    "neutral": {
      "precision": 0.46153846153846156,
      "recall": 0.1935483870967742,
      "f1": 0.2727272727272727
    }
  },
  "iou_scores": {
    "admiration": 0.125,
    "amusement": 0.6666666666666666,
    "anger": 0.25,
    "annoyance": 0.16666666666666666,
    "approval": 0.0,
    "caring": 0.0,
    "confusion": 0.2,
    "curiosity": 0.0,
    "desire": 0.0,
    "disappointment": 0.14285714285714285,
    "disapproval": 0.2727272727272727,
    "disgust": 0.25,
    "embarrassment": 0.0,
    "excitement": 0.0,
    "gratitude": 0.42857142857142855,
    "joy": 0.3333333333333333,
    "love": 0.5,
    "nervousness": 0.0,
    "optimism": 0.2,
    "pride": 0.0,
    "realization": 0.0,
    "remorse": 1.0,
    "sadness": 0.0,
    "surprise": 0.16666666666666666,
    "neutral": 0.15789473684210525,
    "mean_iou": 0.1944153565732513
  },
  "metadata": {
    "num_unique_labels": 25,
    "labels_present": [
      0,
      1,
      2,
      3,
      4,
      5,
      6,
      7,
      8,
      9,
      10,
      11,
      12,
      13,
      15,
      17,
      18,
      19,
      20,
      21,
      22,
      24,
      25,
      26,
      27
    ],
    "total_samples": 100
  }
}