{
  "accuracy": 0.25,
  "precision": 0.23329519733028506,
  "recall": 0.27392355316331923,
  "f1": 0.22540489503760325,
  "class_metrics": {
    "admiration": {
      "precision": 0.5,
      "recall": 0.3333333333333333,
      "f1": 0.4
    },
    "amusement": {
      "precision": 0.3181818181818182,
      "recall": 0.5833333333333334,
      "f1": 0.4117647058823529
    },
    "anger": {
      "precision": 0.15384615384615385,
      "recall": 0.2857142857142857,
      "f1": 0.2
    },
    "annoyance": {
      "precision": 0.15789473684210525,
      "recall": 0.23076923076923078,
      "f1": 0.1875
    },
    "approval": {
      "precision": 0.3333333333333333,
      "recall": 0.25,
      "f1": 0.2857142857142857
    },
    "caring": {
      "precision": 0.2,
      "recall": 0.2,
      "f1": 0.2
    },
    "confusion": {
      "precision": 0.1111111111111111,
      "recall": 0.6666666666666666,
      "f1": 0.19047619047619047
    },
    "curiosity": {
      "precision": 0.4,
      "recall": 0.5,
      "f1": 0.4444444444444444
    },
    "desire": {
      "precision": 0.2,
      "recall": 0.5,
      "f1": 0.2857142857142857
    },
    "disappointment": {
      "precision": 0.0,
      "recall": 0.0,
      "f1": 0.0
    },
    "disapproval": {
      "precision": 0.25,
      "recall": 0.2727272727272727,
      "f1": 0.2608695652173913
    },
    "disgust": {
      "precision": 0.0,
      "recall": 0.0,
      "f1": 0.0
    },
    "embarrassment": {
      "precision": 0.0,
      "recall": 0.0,
      "f1": 0.0
    },
    "excitement": {
      "precision": 0.2857142857142857,
      "recall": 0.6666666666666666,
      "f1": 0.4
    },
    "fear": {
      "precision": 0.3333333333333333,
      "recall": 0.4,
      "f1": 0.36363636363636365
    },
    "gratitude": {
      "precision": 0.8333333333333334,
      "recall": 0.5,
      "f1": 0.625
    },
    "grief": {
      "precision": 0.0,
      "recall": 0.0,
      "f1": 0.0
    },
    "joy": {
      "precision": 0.2222222222222222,
      "recall": 0.4,
      "f1": 0.2857142857142857
    },
    "love": {
      "precision": 0.5,
      "recall": 0.4444444444444444,
      "f1": 0.47058823529411764
    },
    "nervousness": {
      "precision": 0.0,
      "recall": 0.0,
      "f1": 0.0
    },
    "optimism": {
      "precision": 0.16666666666666666,
      "recall": 0.25,
      "f1": 0.2
    },
    "realization": {
      "precision": 0.3333333333333333,
      "recall": 0.3333333333333333,
      "f1": 0.3333333333333333
    },
    "relief": {
      "precision": 0.0,
      "recall": 0.0,
      "f1": 0.0
    },
    "remorse": {
      "precision": 0.0,
      "recall": 0.0,
      "f1": 0.0
    },
    "sadness": {
      "precision": 0.3333333333333333,
      "recall": 0.5,
      "f1": 0.4
    },
    "surprise": {
      "precision": 0.0,
      "recall": 0.0,
      "f1": 0.0
    },
    "neutral": {
      "precision": 0.6666666666666666,
      "recall": 0.07894736842105263,
      "f1": 0.1411764705882353
    }
  },
  "iou_scores": {
    "admiration": 0.25,
    "amusement": 0.25925925925925924,
    "anger": 0.1111111111111111,
    "annoyance": 0.10344827586206896,
    "approval": 0.16666666666666666,
    "caring": 0.1111111111111111,
    "confusion": 0.10526315789473684,
    "curiosity": 0.2857142857142857,
    "desire": 0.16666666666666666,
    "disappointment": 0.0,
    "disapproval": 0.15,
    "disgust": 0.0,
    "embarrassment": 0.0,
    "excitement": 0.25,
    "fear": 0.2222222222222222,
    "gratitude": 0.45454545454545453,
    "grief": 0.0,
    "joy": 0.16666666666666666,
    "love": 0.3076923076923077,
    "nervousness": 0.0,
    "optimism": 0.1111111111111111,
    "realization": 0.2,
    "relief": 0.0,
    "remorse": 0.0,
    "sadness": 0.25,
    "surprise": 0.0,
    "neutral": 0.0759493670886076,
    "mean_iou": 0.13879361717082503
  },
  "metadata": {
    "num_unique_labels": 27,
    "labels_present": [
      0,
      1,
      2,
      3,
      4,
      5,
      6,
      7,
      8,
      9,
      10,
      11,
      12,
      13,
      14,
      15,
      16,
      17,
      18,
      19,
      20,
      22,
      23,
      24,
      25,
      26,
      27
    ],
    "total_samples": 200
  }
}