{
  "accuracy": 0.29,
  "precision": 0.27814938684503904,
  "recall": 0.34376300545891186,
  "f1": 0.265823425709752,
  "class_metrics": {
    "admiration": {
      "precision": 0.6,
      "recall": 0.3333333333333333,
      "f1": 0.42857142857142855
    },
    "amusement": {
      "precision": 0.3333333333333333,
      "recall": 0.5,
      "f1": 0.4
    },
    "anger": {
      "precision": 0.3333333333333333,
      "recall": 0.5714285714285714,
      "f1": 0.42105263157894735
    },
    "annoyance": {
      "precision": 0.15384615384615385,
      "recall": 0.15384615384615385,
      "f1": 0.15384615384615385
    },
    "approval": {
      "precision": 0.5,
      "recall": 0.25,
      "f1": 0.3333333333333333
    },
    "caring": {
      "precision": 0.14285714285714285,
      "recall": 0.2,
      "f1": 0.16666666666666666
    },
    "confusion": {
      "precision": 0.08695652173913043,
      "recall": 0.6666666666666666,
      "f1": 0.15384615384615385
    },
    "curiosity": {
      "precision": 0.2857142857142857,
      "recall": 0.5,
      "f1": 0.36363636363636365
    },
    "desire": {
      "precision": 0.5,
      "recall": 1.0,
      "f1": 0.6666666666666666
    },
    "disappointment": {
      "precision": 0.0,
      "recall": 0.0,
      "f1": 0.0
    },
    "disapproval": {
      "precision": 0.2857142857142857,
      "recall": 0.36363636363636365,
      "f1": 0.32
    },
    "disgust": {
      "precision": 0.0,
      "recall": 0.0,
      "f1": 0.0
    },
    "embarrassment": {
      "precision": 0.0,
      "recall": 0.0,
      "f1": 0.0
    },
    "excitement": {
      "precision": 0.16666666666666666,
      "recall": 0.3333333333333333,
      "f1": 0.2222222222222222
    },
    "fear": {
      "precision": 0.5,
      "recall": 0.8,
      "f1": 0.6153846153846154
    },
    "gratitude": {
      "precision": 1.0,
      "recall": 0.5,
      "f1": 0.6666666666666666
    },
    "joy": {
      "precision": 0.1,
      "recall": 0.2,
      "f1": 0.13333333333333333
    },
    "love": {
      "precision": 0.8,
      "recall": 0.4444444444444444,
      "f1": 0.5714285714285714
    },
    "nervousness": {
      "precision": 0.3333333333333333,
      "recall": 1.0,
      "f1": 0.5
    },
    "optimism": {
      "precision": 0.2857142857142857,
      "recall": 0.5,
      "f1": 0.36363636363636365
    },
    "pride": {
      "precision": 0.0,
      "recall": 0.0,
      "f1": 0.0
    },
    "realization": {
      "precision": 0.16666666666666666,
      "recall": 0.3333333333333333,
      "f1": 0.2222222222222222
    },
    "relief": {
      "precision": 0.0,
      "recall": 0.0,
      "f1": 0.0
    },
    "remorse": {
      "precision": 0.0,
      "recall": 0.0,
      "f1": 0.0
    },
    "sadness": {
      "precision": 0.16666666666666666,
      "recall": 0.5,
      "f1": 0.25
    },
    "surprise": {
      "precision": 0.0,
      "recall": 0.0,
      "f1": 0.0
    },
    "neutral": {
      "precision": 0.7692307692307693,
      "recall": 0.13157894736842105,
      "f1": 0.2247191011235955
    }
  },
  "iou_scores": {
    "admiration": 0.2727272727272727,
    "amusement": 0.25,
    "anger": 0.26666666666666666,
    "annoyance": 0.08333333333333333,
    "approval": 0.2,
    "caring": 0.09090909090909091,
    "confusion": 0.08333333333333333,
    "curiosity": 0.2222222222222222,
    "desire": 0.5,
    "disappointment": 0.0,
    "disapproval": 0.19047619047619047,
    "disgust": 0.0,
    "embarrassment": 0.0,
    "excitement": 0.125,
    "fear": 0.4444444444444444,
    "gratitude": 0.5,
    "joy": 0.07142857142857142,
    "love": 0.4,
    "nervousness": 0.3333333333333333,
    "optimism": 0.2222222222222222,
    "pride": 0.0,
    "realization": 0.125,
    "relief": 0.0,
    "remorse": 0.0,
    "sadness": 0.14285714285714285,
    "surprise": 0.0,
    "neutral": 0.12658227848101267,
    "mean_iou": 0.1722420778679569
  },
  "metadata": {
    "num_unique_labels": 27,
    "labels_present": [
      0,
      1,
      2,
      3,
      4,
      5,
      6,
      7,
      8,
      9,
      10,
      11,
      12,
      13,
      14,
      15,
      17,
      18,
      19,
      20,
      21,
      22,
      23,
      24,
      25,
      26,
      27
    ],
    "total_samples": 200
  }
}