{
  "accuracy": 0.285,
  "precision": 0.21217050922933273,
  "recall": 0.24510070253104305,
  "f1": 0.20141395256780584,
  "class_metrics": {
    "admiration": {
      "precision": 0.4,
      "recall": 0.2222222222222222,
      "f1": 0.2857142857142857
    },
    "amusement": {
      "precision": 0.3333333333333333,
      "recall": 0.6666666666666666,
      "f1": 0.4444444444444444
    },
    "anger": {
      "precision": 0.375,
      "recall": 0.8571428571428571,
      "f1": 0.5217391304347826
    },
    "annoyance": {
      "precision": 0.13333333333333333,
      "recall": 0.15384615384615385,
      "f1": 0.14285714285714285
    },
    "approval": {
      "precision": 0.2,
      "recall": 0.25,
      "f1": 0.2222222222222222
    },
    "caring": {
      "precision": 0.25,
      "recall": 0.2,
      "f1": 0.2222222222222222
    },
    "confusion": {
      "precision": 0.1111111111111111,
      "recall": 0.6666666666666666,
      "f1": 0.19047619047619047
    },
    "curiosity": {
      "precision": 0.4,
      "recall": 0.5,
      "f1": 0.4444444444444444
    },
    "desire": {
      "precision": 0.2,
      "recall": 0.5,
      "f1": 0.2857142857142857
    },
    "disappointment": {
      "precision": 0.1111111111111111,
      "recall": 0.3333333333333333,
      "f1": 0.16666666666666666
    },
    "disapproval": {
      "precision": 0.5,
      "recall": 0.2727272727272727,
      "f1": 0.35294117647058826
    },
    "disgust": {
      "precision": 0.0,
      "recall": 0.0,
      "f1": 0.0
    },
    "embarrassment": {
      "precision": 0.0,
      "recall": 0.0,
      "f1": 0.0
    },
    "excitement": {
      "precision": 0.3333333333333333,
      "recall": 0.6666666666666666,
      "f1": 0.4444444444444444
    },
    "fear": {
      "precision": 0.4,
      "recall": 0.4,
      "f1": 0.4
    },
    "gratitude": {
      "precision": 1.0,
      "recall": 0.5,
      "f1": 0.6666666666666666
    },
    "grief": {
      "precision": 0.0,
      "recall": 0.0,
      "f1": 0.0
    },
    "joy": {
      "precision": 0.25,
      "recall": 0.4,
      "f1": 0.3076923076923077
    },
    "love": {
      "precision": 0.625,
      "recall": 0.5555555555555556,
      "f1": 0.5882352941176471
    },
    "nervousness": {
      "precision": 0.0,
      "recall": 0.0,
      "f1": 0.0
    },
    "optimism": {
      "precision": 0.14285714285714285,
      "recall": 0.25,
      "f1": 0.18181818181818182
    },
    "pride": {
      "precision": 0.0,
      "recall": 0.0,
      "f1": 0.0
    },
    "realization": {
      "precision": 0.5,
      "recall": 0.3333333333333333,
      "f1": 0.4
    },
    "relief": {
      "precision": 0.0,
      "recall": 0.0,
      "f1": 0.0
    },
    "remorse": {
      "precision": 0.0,
      "recall": 0.0,
      "f1": 0.0
    },
    "sadness": {
      "precision": 0.3333333333333333,
      "recall": 0.5,
      "f1": 0.4
    },
    "surprise": {
      "precision": 0.0,
      "recall": 0.0,
      "f1": 0.0
    },
    "neutral": {
      "precision": 0.6153846153846154,
      "recall": 0.10526315789473684,
      "f1": 0.1797752808988764
    },
    "Unknown-29": {
      "precision": 0.0,
      "recall": 0.0,
      "f1": 0.0
    },
    "Unknown-30": {
      "precision": 0.0,
      "recall": 0.0,
      "f1": 0.0
    },
    "Unknown-31": {
      "precision": 0.0,
      "recall": 0.0,
      "f1": 0.0
    },
    "Unknown-41": {
      "precision": 0.0,
      "recall": 0.0,
      "f1": 0.0
    },
    "Unknown-44": {
      "precision": 0.0,
      "recall": 0.0,
      "f1": 0.0
    },
    "Unknown-45": {
      "precision": 0.0,
      "recall": 0.0,
      "f1": 0.0
    }
  },
  "iou_scores": {
    "admiration": 0.16666666666666666,
    "amusement": 0.2857142857142857,
    "anger": 0.35294117647058826,
    "annoyance": 0.07692307692307693,
    "approval": 0.125,
    "caring": 0.125,
    "confusion": 0.10526315789473684,
    "curiosity": 0.2857142857142857,
    "desire": 0.16666666666666666,
    "disappointment": 0.09090909090909091,
    "disapproval": 0.21428571428571427,
    "disgust": 0.0,
    "embarrassment": 0.0,
    "excitement": 0.2857142857142857,
    "fear": 0.25,
    "gratitude": 0.5,
    "grief": 0.0,
    "joy": 0.18181818181818182,
    "love": 0.4166666666666667,
    "nervousness": 0.0,
    "optimism": 0.1,
    "pride": 0.0,
    "realization": 0.25,
    "relief": 0.0,
    "remorse": 0.0,
    "sadness": 0.25,
    "surprise": 0.0,
    "neutral": 0.09876543209876543,
    "Unknown-29": 0.0,
    "Unknown-30": 0.0,
    "Unknown-31": 0.0,
    "Unknown-41": 0.0,
    "Unknown-44": 0.0,
    "Unknown-45": 0.0,
    "mean_iou": 0.127295549633618
  },
  "metadata": {
    "num_unique_labels": 34,
    "labels_present": [
      0,
      1,
      2,
      3,
      4,
      5,
      6,
      7,
      8,
      9,
      10,
      11,
      12,
      13,
      14,
      15,
      16,
      17,
      18,
      19,
      20,
      21,
      22,
      23,
      24,
      25,
      26,
      27,
      29,
      30,
      31,
      41,
      44,
      45
    ],
    "total_samples": 200
  }
}