{
  "accuracy": 0.32,
  "precision": 0.2558014058014058,
  "recall": 0.15632157990457587,
  "f1": 0.171755029786704,
  "class_metrics": {
    "admiration": {
      "precision": 1.0,
      "recall": 0.2222222222222222,
      "f1": 0.36363636363636365
    },
    "amusement": {
      "precision": 0.2857142857142857,
      "recall": 0.3333333333333333,
      "f1": 0.3076923076923077
    },
    "anger": {
      "precision": 0.2857142857142857,
      "recall": 0.2857142857142857,
      "f1": 0.2857142857142857
    },
    "annoyance": {
      "precision": 0.25,
      "recall": 0.15384615384615385,
      "f1": 0.19047619047619047
    },
    "approval": {
      "precision": 0.4,
      "recall": 0.25,
      "f1": 0.3076923076923077
    },
    "caring": {
      "precision": 0.2857142857142857,
      "recall": 0.4,
      "f1": 0.3333333333333333
    },
    "confusion": {
      "precision": 0.0,
      "recall": 0.0,
      "f1": 0.0
    },
    "curiosity": {
      "precision": 0.0,
      "recall": 0.0,
      "f1": 0.0
    },
    "desire": {
      "precision": 0.0,
      "recall": 0.0,
      "f1": 0.0
    },
    "disappointment": {
      "precision": 0.0,
      "recall": 0.0,
      "f1": 0.0
    },
    "disapproval": {
      "precision": 0.2,
      "recall": 0.18181818181818182,
      "f1": 0.19047619047619047
    },
    "disgust": {
      "precision": 0.0,
      "recall": 0.0,
      "f1": 0.0
    },
    "excitement": {
      "precision": 0.5,
      "recall": 0.6666666666666666,
      "f1": 0.5714285714285714
    },
    "fear": {
      "precision": 0.3333333333333333,
      "recall": 0.2,
      "f1": 0.25
    },
    "gratitude": {
      "precision": 1.0,
      "recall": 0.2,
      "f1": 0.3333333333333333
    },
    "grief": {
      "precision": 0.0,
      "recall": 0.0,
      "f1": 0.0
    },
    "joy": {
      "precision": 0.25,
      "recall": 0.2,
      "f1": 0.2222222222222222
    },
    "love": {
      "precision": 0.5,
      "recall": 0.1111111111111111,
      "f1": 0.18181818181818182
    },
    "nervousness": {
      "precision": 0.0,
      "recall": 0.0,
      "f1": 0.0
    },
    "optimism": {
      "precision": 0.0,
      "recall": 0.0,
      "f1": 0.0
    },
    "pride": {
      "precision": 0.0,
      "recall": 0.0,
      "f1": 0.0
    },
    "realization": {
      "precision": 1.0,
      "recall": 0.3333333333333333,
      "f1": 0.5
    },
    "relief": {
      "precision": 0.0,
      "recall": 0.0,
      "f1": 0.0
    },
    "remorse": {
      "precision": 0.0,
      "recall": 0.0,
      "f1": 0.0
    },
    "sadness": {
      "precision": 0.0,
      "recall": 0.0,
      "f1": 0.0
    },
    "neutral": {
      "precision": 0.36036036036036034,
      "recall": 0.5263157894736842,
      "f1": 0.42780748663101603
    }
  },
  "iou_scores": {
    "admiration": 0.2222222222222222,
    "amusement": 0.18181818181818182,
    "anger": 0.16666666666666666,
    "annoyance": 0.10526315789473684,
    "approval": 0.18181818181818182,
    "caring": 0.2,
    "confusion": 0.0,
    "curiosity": 0.0,
    "desire": 0.0,
    "disappointment": 0.0,
    "disapproval": 0.10526315789473684,
    "disgust": 0.0,
    "excitement": 0.4,
    "fear": 0.14285714285714285,
    "gratitude": 0.2,
    "grief": 0.0,
    "joy": 0.125,
    "love": 0.1,
    "nervousness": 0.0,
    "optimism": 0.0,
    "pride": 0.0,
    "realization": 0.3333333333333333,
    "relief": 0.0,
    "remorse": 0.0,
    "sadness": 0.0,
    "neutral": 0.272108843537415,
    "mean_iou": 0.10524426492471606
  },
  "metadata": {
    "num_unique_labels": 26,
    "labels_present": [
      0,
      1,
      2,
      3,
      4,
      5,
      6,
      7,
      8,
      9,
      10,
      11,
      13,
      14,
      15,
      16,
      17,
      18,
      19,
      20,
      21,
      22,
      23,
      24,
      25,
      27
    ],
    "total_samples": 200
  }
}