{
  "accuracy": 0.33,
  "precision": 0.28938095238095235,
  "recall": 0.36407066052227344,
  "f1": 0.2802939282939283,
  "class_metrics": {
    "admiration": {
      "precision": 1.0,
      "recall": 0.2,
      "f1": 0.3333333333333333
    },
    "amusement": {
      "precision": 0.8571428571428571,
      "recall": 0.8571428571428571,
      "f1": 0.8571428571428571
    },
    "anger": {
      "precision": 0.3333333333333333,
      "recall": 1.0,
      "f1": 0.5
    },
    "annoyance": {
      "precision": 0.25,
      "recall": 0.3333333333333333,
      "f1": 0.2857142857142857
    },
    "approval": {
      "precision": 0.0,
      "recall": 0.0,
      "f1": 0.0
    },
    "caring": {
      "precision": 0.0,
      "recall": 0.0,
      "f1": 0.0
    },
    "confusion": {
      "precision": 0.25,
      "recall": 0.6666666666666666,
      "f1": 0.36363636363636365
    },
    "curiosity": {
      "precision": 0.0,
      "recall": 0.0,
      "f1": 0.0
    },
    "desire": {
      "precision": 0.0,
      "recall": 0.0,
      "f1": 0.0
    },
    "disappointment": {
      "precision": 0.0,
      "recall": 0.0,
      "f1": 0.0
    },
    "disapproval": {
      "precision": 0.2857142857142857,
      "recall": 0.4,
      "f1": 0.3333333333333333
    },
    "disgust": {
      "precision": 0.3333333333333333,
      "recall": 0.5,
      "f1": 0.4
    },
    "embarrassment": {
      "precision": 0.0,
      "recall": 0.0,
      "f1": 0.0
    },
    "excitement": {
      "precision": 0.0,
      "recall": 0.0,
      "f1": 0.0
    },
    "gratitude": {
      "precision": 0.6,
      "recall": 0.75,
      "f1": 0.6666666666666666
    },
    "joy": {
      "precision": 0.2,
      "recall": 1.0,
      "f1": 0.3333333333333333
    },
    "love": {
      "precision": 0.3333333333333333,
      "recall": 1.0,
      "f1": 0.5
    },
    "nervousness": {
      "precision": 0.0,
      "recall": 0.0,
      "f1": 0.0
    },
    "optimism": {
      "precision": 0.3333333333333333,
      "recall": 0.3333333333333333,
      "f1": 0.3333333333333333
    },
    "pride": {
      "precision": 0.0,
      "recall": 0.0,
      "f1": 0.0
    },
    "realization": {
      "precision": 0.0,
      "recall": 0.0,
      "f1": 0.0
    },
    "remorse": {
      "precision": 1.0,
      "recall": 1.0,
      "f1": 1.0
    },
    "sadness": {
      "precision": 0.3333333333333333,
      "recall": 0.5,
      "f1": 0.4
    },
    "surprise": {
      "precision": 0.5,
      "recall": 0.4,
      "f1": 0.4444444444444444
    },
    "neutral": {
      "precision": 0.625,
      "recall": 0.16129032258064516,
      "f1": 0.2564102564102564
    }
  },
  "iou_scores": {
    "admiration": 0.2,
    "amusement": 0.75,
    "anger": 0.3333333333333333,
    "annoyance": 0.16666666666666666,
    "approval": 0.0,
    "caring": 0.0,
    "confusion": 0.2222222222222222,
    "curiosity": 0.0,
    "desire": 0.0,
    "disappointment": 0.0,
    "disapproval": 0.2,
    "disgust": 0.25,
    "embarrassment": 0.0,
    "excitement": 0.0,
    "gratitude": 0.5,
    "joy": 0.2,
    "love": 0.3333333333333333,
    "nervousness": 0.0,
    "optimism": 0.2,
    "pride": 0.0,
    "realization": 0.0,
    "remorse": 1.0,
    "sadness": 0.25,
    "surprise": 0.2857142857142857,
    "neutral": 0.14705882352941177,
    "mean_iou": 0.2015331465919701
  },
  "metadata": {
    "num_unique_labels": 25,
    "labels_present": [
      0,
      1,
      2,
      3,
      4,
      5,
      6,
      7,
      8,
      9,
      10,
      11,
      12,
      13,
      15,
      17,
      18,
      19,
      20,
      21,
      22,
      24,
      25,
      26,
      27
    ],
    "total_samples": 100
  }
}