{
  "accuracy": 0.315,
  "precision": 0.3196830487565495,
  "recall": 0.34060458709581515,
  "f1": 0.28333166712251684,
  "class_metrics": {
    "admiration": {
      "precision": 0.6666666666666666,
      "recall": 0.2222222222222222,
      "f1": 0.3333333333333333
    },
    "amusement": {
      "precision": 0.2962962962962963,
      "recall": 0.6666666666666666,
      "f1": 0.41025641025641024
    },
    "anger": {
      "precision": 0.2727272727272727,
      "recall": 0.42857142857142855,
      "f1": 0.3333333333333333
    },
    "annoyance": {
      "precision": 0.09090909090909091,
      "recall": 0.07692307692307693,
      "f1": 0.08333333333333333
    },
    "approval": {
      "precision": 0.4,
      "recall": 0.25,
      "f1": 0.3076923076923077
    },
    "caring": {
      "precision": 0.2,
      "recall": 0.2,
      "f1": 0.2
    },
    "confusion": {
      "precision": 0.10526315789473684,
      "recall": 0.6666666666666666,
      "f1": 0.18181818181818182
    },
    "curiosity": {
      "precision": 0.4,
      "recall": 0.5,
      "f1": 0.4444444444444444
    },
    "desire": {
      "precision": 0.5,
      "recall": 1.0,
      "f1": 0.6666666666666666
    },
    "disappointment": {
      "precision": 0.0,
      "recall": 0.0,
      "f1": 0.0
    },
    "disapproval": {
      "precision": 0.23529411764705882,
      "recall": 0.36363636363636365,
      "f1": 0.2857142857142857
    },
    "disgust": {
      "precision": 0.0,
      "recall": 0.0,
      "f1": 0.0
    },
    "excitement": {
      "precision": 0.25,
      "recall": 0.3333333333333333,
      "f1": 0.2857142857142857
    },
    "fear": {
      "precision": 0.42857142857142855,
      "recall": 0.6,
      "f1": 0.5
    },
    "gratitude": {
      "precision": 1.0,
      "recall": 0.5,
      "f1": 0.6666666666666666
    },
    "joy": {
      "precision": 0.16666666666666666,
      "recall": 0.4,
      "f1": 0.23529411764705882
    },
    "love": {
      "precision": 1.0,
      "recall": 0.4444444444444444,
      "f1": 0.6153846153846154
    },
    "nervousness": {
      "precision": 0.5,
      "recall": 1.0,
      "f1": 0.6666666666666666
    },
    "optimism": {
      "precision": 0.2857142857142857,
      "recall": 0.5,
      "f1": 0.36363636363636365
    },
    "pride": {
      "precision": 0.0,
      "recall": 0.0,
      "f1": 0.0
    },
    "realization": {
      "precision": 1.0,
      "recall": 0.3333333333333333,
      "f1": 0.5
    },
    "relief": {
      "precision": 0.0,
      "recall": 0.0,
      "f1": 0.0
    },
    "remorse": {
      "precision": 0.0,
      "recall": 0.0,
      "f1": 0.0
    },
    "sadness": {
      "precision": 0.16666666666666666,
      "recall": 0.5,
      "f1": 0.25
    },
    "surprise": {
      "precision": 0.0,
      "recall": 0.0,
      "f1": 0.0
    },
    "neutral": {
      "precision": 0.6666666666666666,
      "recall": 0.21052631578947367,
      "f1": 0.32
    },
    "Unknown-52": {
      "precision": 0.0,
      "recall": 0.0,
      "f1": 0.0
    }
  },
  "iou_scores": {
    "admiration": 0.2,
    "amusement": 0.25806451612903225,
    "anger": 0.2,
    "annoyance": 0.043478260869565216,
    "approval": 0.18181818181818182,
    "caring": 0.1111111111111111,
    "confusion": 0.1,
    "curiosity": 0.2857142857142857,
    "desire": 0.5,
    "disappointment": 0.0,
    "disapproval": 0.16666666666666666,
    "disgust": 0.0,
    "excitement": 0.16666666666666666,
    "fear": 0.3333333333333333,
    "gratitude": 0.5,
    "joy": 0.13333333333333333,
    "love": 0.4444444444444444,
    "nervousness": 0.5,
    "optimism": 0.2222222222222222,
    "pride": 0.0,
    "realization": 0.3333333333333333,
    "relief": 0.0,
    "remorse": 0.0,
    "sadness": 0.14285714285714285,
    "surprise": 0.0,
    "neutral": 0.19047619047619047,
    "Unknown-52": 0.0,
    "mean_iou": 0.18568591440650034
  },
  "metadata": {
    "num_unique_labels": 27,
    "labels_present": [
      0,
      1,
      2,
      3,
      4,
      5,
      6,
      7,
      8,
      9,
      10,
      11,
      13,
      14,
      15,
      17,
      18,
      19,
      20,
      21,
      22,
      23,
      24,
      25,
      26,
      27,
      52
    ],
    "total_samples": 200
  }
}